鱼ID,概率(%)
六种垃圾,0.9922500481
大眼鱼,19.5787885561
河凝胶,2.8059750548
绿藻,15.7392917433
西鲱,17.6182880450
鲢鱼,21.6327032764
鲷鱼,21.6327032764