гуID,ИХТЪ(%)
СљжжРЌЛј,0.3968999956
Дѓблгу,16.4363417925
КгФ§НК,2.4064661006
ТЬдх,13.2884826934
Юїію,14.8346788958
іугу,18.1003943648
іѓгу,16.4363417925
ієгу,18.1003943648