гуID,ИХТЪ(%)
СљжжРЌЛј,5.5125007419
КгФ§НК,4.0468751547
ТЬдх,23.6802089553
іугу,33.3802075741
ієгу,33.3802075741