гуID,ИХТЪ(%)
СљжжРЌЛј,3.7799999884
КгФ§НК,3.6201667145
ТЬдх,20.9268332848
ЛЂЮЦїЎгу,16.0576669073
ійгу,26.3285013021
іугу,29.2868318029