гуID,ИХТЪ(%)
СљжжРЌЛј,1.3230000861
КгФ§НК,2.9384250645
ТЬдх,16.5712917932
ЛЂЮЦїЎгу,12.8133003096
ійгу,20.6553011852
іугу,22.8493407807
ієгу,22.8493407807