гуID,ИХТЪ(%)
СљжжРЌЛј,0.6803999393
КгФ§НК,2.5783797695
ТЬдх,14.3466462320
ЛЂЮЦїЎгу,11.1387047990
Юїію,16.0372799490
ійгу,17.7949220310
іугу,19.6287452492
іѓгу,17.7949220310