׃דID,¸ֲֵ(%)
ֱשײײְ¬»ר,2.4806252681
÷׃ִ‎½÷,3.3545626003
ֲּװו,19.1974794870
־קצמ,21.5655009471
צד׃ד,26.7009158487
צפ׃ד,26.7009158487