гуID,ИХТЪ(%)
СљжжРЌЛј,6.3000000432
КгФ§НК,4.1458333976
ТЬдх,24.3458333382
іугу,34.3958315672
іѓгу,30.8125016537