гуID,ИХТЪ(%)
СљжжРЌЛј,1.9293753911
ЬЋбєгу,25.4864996320
КгФ§НК,3.2286876381
ТЬдх,18.3824380746
іугу,25.4864996320
ієгу,25.4864996320