гуID,ИХТЪ(%)
СљжжРЌЛј,0.2257368930
ЬЋбєгу,16.3529163435
КгФ§НК,2.2018123359
ЙЗгу,14.8741099327
ТЬдх,12.0600210987
КчїЎгу,13.4448236292
іугу,16.3529163435
ієгу,16.3529163435
ТщЙўжЌР№,8.1347470800