׃דID,¸ֲֵ(%)
ֱשײײְ¬»ר,0.9922500481
÷׃ִ‎½÷,2.8059750548
¹·׃ד,19.5787885561
ֲּװו,15.7392917433
־קצמ,17.6182880450
צד׃ד,21.6327032764
צפ׃ד,21.6327032764