ำใID,ธลยส(%)
ม๙ึึภฌป๘,1.8427498962
บำฤฝบ,3.0907750117
นทำใ,21.9179633035
ยฬิๅ,17.5417914412
ฮ๗๖๎,19.6772127635
๖ใำใ,24.2811276760
ย้นึฌภ๐,11.6483799080