гуID,ИХТЪ(%)
СљжжРЌЛј,2.2050001653
КгФ§НК,3.2916250817
ЙЗгу,23.5260014581
ТЬдх,18.7899585379
іугу,26.0937073785
ієгу,26.0937073785