ำใID,ธลยส(%)
ม๙ึึภฌป๘,4.0949998779
บำฤฝบ,3.6858750254
นทำใ,26.8890011372
ยฬิๅ,21.3542081322
๖ใำใ,29.9254565356
ย้นึฌภ๐,14.0504592917