׃דID,¸ֲֵ(%)
ֱשײײְ¬»ר,0.6449625076
÷׃ִ‎½÷,2.5729281582
¹·׃ד,17.7456945586
ֲּװו,14.3096530902
־קצמ,15.9945159952
צד׃ד,19.5721896861
צפ׃ד,19.5721896861
ֲי¹‏ײ¬ְנ,9.5878663178