гуID,ИХТЪ(%)
СљжжРЌЛј,0.6449625076
ЬЋбєгу,19.5721896861
КгФ§НК,2.5729281582
ЙЗгу,17.7456945586
ТЬдх,14.3096530902
КчїЎгу,15.9945159952
іугу,19.5721896861
ТщЙўжЌР№,9.5878663178