гуID,ИХТЪ(%)
СљжжРЌЛј,0.0529199971
БљДЈгу,50.0000000000
Дѓблгу,6.5650826631
КгФ§НК,0.9843100978
Кгід,7.2042990121
ЙЗгу,6.5650826631
ТЬдх,5.3404986228
ЛЂЮЦїЎгу,4.1779266458
ЩпГнЕЅЯпгу,5.3404986228
іугу,7.2042990121
іѓгу,6.5650826631