鱼ID,概率(%)
六种垃圾,0.1157625154
冰川鱼,50.0000000000
河凝胶,1.1018386448
河鲈,8.1855338973
狗鱼,7.4450287887
绿藻,6.0360958321
虎纹鳟鱼,4.7085766948
蛇齿单线鱼,6.0360958321
鲢鱼,8.1855338973
鲷鱼,8.1855338973