гуID,ИХТЪ(%)
СљжжРЌЛј,0.0185220003
БљДЈгу,50.0000000000
Дѓблгу,5.7381057926
КгФ§НК,0.8714902632
Кгід,6.2851954711
ЙЗгу,5.7381057926
ТЬдх,4.6830461389
ЛЂЮЦїЎгу,3.6739916676
ЩпГнЕЅЯпгу,4.6830461389
іугу,6.2851954711
іѓгу,5.7381057926
ієгу,6.2851954711