гуID,ИХТЪ(%)
СљжжРЌЛј,0.0308700007
БљДЈгу,50.0000000000
Дѓблгу,6.1923420675
КгФ§НК,0.9341671348
Кгід,6.7891304493
ЙЗгу,6.1923420675
ТЬдх,5.0452726571
ЩпГнЕЅЯпгу,5.0452726571
іугу,6.7891304493
іѓгу,6.1923420675
ієгу,6.7891304493