鱼ID,概率(%)
六种垃圾,0.0771750064
冰川鱼,50.0000000000
大眼鱼,7.0628652177
河凝胶,1.0516349552
河鲈,7.7582560779
狗鱼,7.0628652177
绿藻,5.7353456847
蛇齿单线鱼,5.7353456847
鲢鱼,7.7582560779
鲷鱼,7.7582560779