鱼ID,概率(%)
六种垃圾,0.1929375276
冰川鱼,50.0000000000
河凝胶,1.2022460167
河鲈,9.0400894725
狗鱼,8.2093558740
绿藻,6.6375960821
蛇齿单线鱼,6.6375960821
鲢鱼,9.0400894725
鲷鱼,9.0400894725