鱼ID,概率(%)
六种垃圾,0.3307500215
冰川鱼,50.0000000000
河凝胶,1.2879446699
河鲈,9.8012567648
狗鱼,8.8860701301
绿藻,7.1647946894
虎纹鳟鱼,5.5631322700
蛇齿单线鱼,7.1647946894
鲢鱼,9.8012567648