鱼ID,概率(%)
六种垃圾,0.1323000007
冰川鱼,50.0000000000
河凝胶,1.1161544798
河鲈,8.3098201578
狗鱼,7.5558780211
绿藻,6.1229187415
虎纹鳟鱼,4.7743116788
蛇齿单线鱼,6.1229187415
鲢鱼,8.3098201578
鲶鱼,7.5558780211