ำใID,ธลยส(%)
ม๙ึึภฌป๘,17.3880010167
ฑฺภบ,7.9999998212
ฤพิพำใ,23.7973341281
บำฤฝบ,5.1673334853
ภ๐ำใ,45.6473315487