”гID,Є≈¬ (%)
Ѕщ÷÷јђїш,7.6507204059
±ЏјЇ,7.9999998212
ƒЊ‘Њ”г,18.3104538661
Ї”ƒэљЇ,4.0596534385
јр”г,34.1497853057
цу”г,27.8293871627