鱼ID,概率(%)
六种垃圾,0.6803999393
小嘴鲈鱼,19.6287452492
河凝胶,2.5783797695
绿藻,14.3466462320
虎纹鳟鱼,11.1387047990
西鲱,16.0372799490
鲑鱼,17.7949220310
鲶鱼,17.7949220310