鱼ID,概率(%)
六种垃圾,5.5125007419
小嘴鲈鱼,33.3802075741
河凝胶,4.0468751547
绿藻,23.6802089553
鲷鱼,33.3802075741