гуID,ИХТЪ(%)
СљжжРЌЛј,1.5119999052
аЁзьідгу,23.3445319438
КгФ§НК,2.9908666818
ТЬдх,16.9063331392
ЛЂЮЦїЎгу,13.0628667421
ійгу,21.0917007940
іѓгу,21.0917007940