гуID,ИХТЪ(%)
СљжжРЌЛј,0.2721599595
Дѓблгу,15.1258068472
аЁзьідгу,16.6357089433
КгФ§НК,2.2339076156
ТЬдх,12.2564769167
ЛЂЮЦїЎгу,9.5564540328
Юїію,13.6678719904
ійгу,15.1258068472
іѓгу,15.1258068472