гуID,ИХТЪ(%)
СљжжРЌЛј,0.0952559923
Дѓблгу,12.9736812651
аЁзьідгу,14.2341639169
КгФ§НК,1.9476727798
ТЬдх,10.5572214263
ЛЂЮЦїЎгу,8.2613809474
Юїію,11.7490972249
ійгу,12.9736812651
іѓгу,12.9736812651
ієгу,14.2341639169