鱼ID,概率(%)
六种垃圾,2.8349999443
河凝胶,3.4230417035
狗鱼,24.6470011284
绿藻,19.6447082329
西鲱,22.0792921471
鲷鱼,27.3709568437