гуID,ИХТЪ(%)
СљжжРЌЛј,0.9922500481
ЬЋбєгу,21.6327032764
КгФ§НК,2.8059750548
ЙЗгу,19.5787885561
ТЬдх,15.7392917433
КчїЎгу,17.6182880450
ієгу,21.6327032764