ำใID,ธลยส(%)
ม๙ึึภฌป๘,6.3000000432
บำฤฝบ,4.1458333976
นทำใ,30.8125016537
ยฬิๅ,24.3458333382
๖๔ำใ,34.3958315672