ำใID,ธลยส(%)
ม๙ึึภฌป๘,2.8349999443
ฬซั๔ำใ,27.3709568437
บำฤฝบ,3.4230417035
นทำใ,24.6470011284
ยฬิๅ,19.6447082329
บ็๗ฎำใ,22.0792921471