鱼ID,概率(%)
六种垃圾,0.7559999526
河凝胶,2.6158785878
河鲈,19.9665441128
狗鱼,18.0946292562
绿藻,14.5793450922
虎纹鳟鱼,11.3136286499
蛇齿单线鱼,14.5793450922
鲶鱼,18.0946292562