鱼ID,概率(%)
六种垃圾,13.6889981345
比目鱼,17.9996257043
海凝胶,4.6121248961
狮子鱼,35.6996254118
蛇头骨,10.0000001490
金枪鱼,17.9996257043