鱼ID,概率(%)
六种垃圾,4.7911492655
比目鱼,13.0103405249
河豚,19.8251617231
海凝胶,3.4026524339
狮子鱼,25.0217777957
章鱼,10.9385775829
蛇头骨,10.0000001490
金枪鱼,13.0103405249