鱼ID,概率(%)
六种垃圾,9.5822985310
大海参,13.3298775346
比目鱼,15.9012530731
海凝胶,4.1056273988
狮子鱼,31.1796902405
蛇头骨,10.0000001490
金枪鱼,15.9012530731