鱼ID,概率(%)
六种垃圾,6.8444990673
比目鱼,14.5023381246
河豚,22.2164616748
海凝胶,3.7679624341
狮子鱼,28.1664004256
蛇头骨,10.0000001490
金枪鱼,14.5023381246