МсID,И┼┬╩(%)
┴щоо└г╗Э,44.9999999255
║М─§й║,7.5000001118
┬╠нт,47.4999999627