ID,(%)
,4.3875008779
ɳ,51.6197888285
,4.1197917839
,24.0864587180
Ы,15.7864597917