鱼ID,概率(%)
六种垃圾,44.5500008181
河凝胶,6.9750001460
蓝铁饼鱼,38.4749988869
蛇头骨,10.0000001490