鱼ID,概率(%)
六种垃圾,20.9384990037
午夜鲤鱼,35.2980022463
河凝胶,5.3055000073
蓝铁饼鱼,28.4579985937
蛇头骨,10.0000001490