鱼ID,概率(%)
六种垃圾,2.1656250065
大海参,10.2996879487
海凝胶,3.2330208827
海草,18.4380208329
青花鱼,18.4380208329
鱼,16.2778119956
鳗鱼,31.1478125008