鱼ID,概率(%)
六种垃圾,0.7146564380
大海参,8.6474987469
沙丁鱼,30.1695699969
海凝胶,2.7372274706
海参,13.5574043199
海草,15.3081193539
青花鱼,15.3081193539
鱼,13.5574043199