鱼ID,概率(%)
六种垃圾,0.8167501801
沙丁鱼,31.8460277720
海凝胶,2.8613417494
海参,14.2163622867
海草,16.0612919189
罗非鱼,19.9818638061
鱼,14.2163622867