鱼ID,概率(%)
六种垃圾,0.4083750900
沙丁鱼,27.0777556686
海凝胶,2.5193194131
海参,12.3850899696
海草,13.9646861977
罗非鱼,17.2949974937
青花鱼,13.9646861977
鱼,12.3850899696