鱼ID,概率(%)
六种垃圾,0.5630624954
大比目鱼,17.6504445370
比目鱼,9.5443246403
海凝胶,2.5625531564
海草,14.2384114122
鲱鱼,19.4624480094
鱼,12.6228652059
鳗鱼,23.3558905434