鱼ID,概率(%)
六种垃圾,0.8662500247
大比目鱼,19.4546885251
海凝胶,2.7927083855
海草,15.6469583933
鲱鱼,21.4892699271
鱼,13.8534371323
鳗鱼,25.8966876119