鱼ID,概率(%)
六种垃圾,1.5278443591
大海参,7.9141429995
比目鱼,9.3809900743
海凝胶,2.4903758463
海草,14.1225674673
红鲷鱼,19.5414441054
红鲻鱼,17.6416443586
绯红鱼,18.0000007153
金枪鱼,9.3809900743