鱼ID,概率(%)
六种垃圾,10.3319991010
大比目鱼,30.6475007474
大海参,13.0175002128
海凝胶,3.9974999514
海草,24.0054992722
绯红鱼,18.0000007153