鱼ID,概率(%)
六种垃圾,0.6111377072
比目鱼,7.8589964100
海凝胶,2.1078235470
海草,11.7351889826
章鱼,6.6455601499
红鲷鱼,16.0628897792
红鲻鱼,14.5597031495
绯红鱼,18.0000007153
罗非鱼,14.5597031495
金枪鱼,7.8589964100