鱼ID,概率(%)
六种垃圾,0.8730538079
比目鱼,8.2541228295
河豚,12.3560695141
海凝胶,2.2069300065
海草,12.3560695141
章鱼,6.9747380683
红鲻鱼,15.3624463574
绯红鱼,18.0000007153
罗非鱼,15.3624463574
金枪鱼,8.2541228295