鱼ID,概率(%)
六种垃圾,6.2360991061
比目鱼,13.2132413090
海凝胶,3.4330324157
海草,20.2416649385
红鲻鱼,25.6627202064
绯红鱼,18.0000007153
金枪鱼,13.2132413090