鱼ID,概率(%)
六种垃圾,0.2444550683
大比目鱼,12.3643102180
比目鱼,6.7507417361
海凝胶,1.8251921690
海草,10.0172718619
章鱼,5.7187500681
红鲷鱼,13.5999159911
红鲻鱼,12.3643102180
绯红鱼,18.0000007153
罗非鱼,12.3643102180
金枪鱼,6.7507417361