鱼ID,概率(%)
六种垃圾,3.1180495531
比目鱼,10.9476154304
河豚,16.6104318484
海凝胶,2.8783024414
海草,16.6104318484
红鲻鱼,20.8875527326
绯红鱼,18.0000007153
金枪鱼,10.9476154304