鱼ID,概率(%)
六种垃圾,1.7461076159
比目鱼,9.5712111040
海凝胶,2.5372849242
海草,14.4256716148
章鱼,8.0719979706
红鲻鱼,18.0382574757
绯红鱼,18.0000007153
罗非鱼,18.0382574757
金枪鱼,9.5712111040