鱼ID,概率(%)
六种垃圾,0.0236486306
大比目鱼,11.4108339167
沙丁鱼,17.1552850383
海凝胶,1.7350067625
海参,8.3024448985
海草,9.3156131246
红鲷鱼,12.4964957163
红鲻鱼,11.4108339167
金枪鱼,6.3377291548
青花鱼,9.3156131246
鲱鱼,12.4964957163