鱼ID,概率(%)
六种垃圾,0.1182431603
沙丁鱼,21.9908034860
海凝胶,2.1352340622
海参,10.3584291622
海草,11.6509054257
红鲷鱼,15.7625663790
红鲻鱼,14.3491567625
金枪鱼,7.8720951830
鲱鱼,15.7625663790