鱼ID,概率(%)
六种垃圾,0.0760134530
沙丁鱼,20.0685726035
海凝胶,1.9781036014
海参,9.5480648535
海草,10.7297860034
红鲻鱼,13.1882811996
金枪鱼,7.2681115215
青花鱼,10.7297860034
鱿鱼,11.9422914430
鲱鱼,14.4709893176