鱼ID,概率(%)
六种垃圾,0.0675675115
大比目鱼,13.0279545368
沙丁鱼,19.7998549656
海凝胶,1.9566344745
海参,9.4366146525
海草,10.6029436575
红鲻鱼,13.0279545368
金枪鱼,7.1852292866
青花鱼,10.6029436575
鲱鱼,14.2923027205