鱼ID,概率(%)
六种垃圾,0.0266047104
沙丁鱼,17.3532727951
海凝胶,1.7516866500
海参,8.3876715559
海草,9.4123205054
红鲷鱼,12.6312557947
红鲻鱼,11.5322334532
金枪鱼,6.4014473338
青花鱼,9.4123205054
鱿鱼,10.4599309014
鲱鱼,12.6312557947