鱼ID,概率(%)
六种垃圾,2.4806252681
大头鱼,21.5655009471
河凝胶,3.3545626003
绿藻,19.1974794870
鲢鱼,26.7009158487
鲤鱼,26.7009158487