鱼ID,概率(%)
六种垃圾,0.9922500481
大嘴鲈鱼,19.5787885561
大头鱼,17.6182880450
河凝胶,2.8059750548
绿藻,15.7392917433
鲢鱼,21.6327032764
鲤鱼,21.6327032764