鱼ID,概率(%)
传说之鱼,10.0000001490
六种垃圾,0.8930250418
大嘴鲈鱼,17.6209096713
大头鱼,15.8564592143
河凝胶,2.5253775451
绿藻,14.1653625455
鲢鱼,19.4694329165
鲤鱼,19.4694329165