гуID,ИХТЪ(%)
СљжжРЌЛј,0.2009306241
Дѓзьідгу,14.5259947892
ДѓЭЗгу,13.1344768121
КгФ§НК,2.1555633808
ТЬдх,11.7852048083
КчїЎгу,13.1344768121
іргу,13.1344768121
іугу,15.9644379806
Р№гу,15.9644379806