鱼ID,概率(%)
六种垃圾,0.2232562549
大嘴鲈鱼,14.7234691610
大头鱼,13.3101286283
河凝胶,2.1813993082
河鲈,16.1853758029
绿藻,11.9404332067
蛇齿单线鱼,11.9404332067
鲟鱼,13.3101286283
鲢鱼,16.1853758029