鱼ID,概率(%)
六种垃圾,0.5829468996
午夜鲤鱼,14.9814069519
大头鱼,15.6459938307
河凝胶,2.5225590615
河鲈,19.1310800766
绿藻,14.0024665516
蛇齿单线鱼,14.0024665516
鲢鱼,19.1310800766