鱼ID,概率(%)
六种垃圾,0.2331787459
午夜鲤鱼,12.8261244229
大头鱼,13.3824371111
大眼鱼,14.8048004949
河凝胶,2.1920048117
河鲈,16.2764206898
绿藻,12.0043065169
蛇齿单线鱼,12.0043065169
鲢鱼,16.2764206898