МсID,И┼┬╩(%)
┴щоо└г╗Э,3.5000000298
╩и└│─иМс,26.0625013635
░Онт,20.7291666791
┬╠нт,20.7291666791
└­Мс,28.9791652486