鱼ID,概率(%)
六种垃圾,6.3000000432
大眼鱼,30.8125016537
小嘴鲈鱼,34.3958315672
河凝胶,4.1458333976
绿藻,24.3458333382