ำใID,ธลยส(%)
ม๙ึึภฌป๘,17.9999988973
บำฤฝบ,5.5000000025
นทำใ,43.0000016789
ยฬิๅ,33.4999994213