鱼ID,概率(%)
六种垃圾,2.9609998250
午夜鲤鱼,21.2764095794
河凝胶,3.4493250122
河鲈,27.6264065845
狗鱼,24.8712009289
绿藻,19.8156580700