МсID,И┼┬╩(%)
┴щоо└г╗Э,11.1624992551
░Онт,27.2333328212
┬╠нт,27.2333328212
лж┐Нх░╗кй┤,5.0000000745
лж┐НШ┘Мс,29.3708350279