гуID,ИХТЪ(%)
СљжжРЌЛј,4.4649994359
Аздх,20.8802077578
ТЬдх,20.8802077578
ащПеЕАЛЦНД,5.0000000745
ащПеійгу,22.4477093534
іѓгу,26.3268756206